{
  "total_samples": 500,
  "lpips": {
    "mean": 0.0699219796769321,
    "std": 0.029175320336835727,
    "min": 0.014462362974882126,
    "max": 0.17100387811660767,
    "median": 0.06667646765708923
  },
  "mae": {
    "mean": 0.03003123349137604,
    "std": 0.01258960774671755,
    "min": 0.009857608005404472,
    "max": 0.09108221530914307,
    "median": 0.027825260534882545
  },
  "fid": 13.787688081704573
}